MAX_E_LENGTH,MAX_H_LENGTH,BATCH_SIZE,HIDDEN_SIZE,VECTOR_SIZE,N_CLASSES,WEIGHT_DECAY,LEARNING_RATE,TRAIN_ITERS,VALID_ITERS,TEST_ITERS,DISPLAY_STEP,TRAIN_ACC,TRAIN_LOSS,VALID_ACC,VALID_LOSS,TEST_ACC,TEST_LOSS
30,30,256,1024,216,3,0.95,0.001,9000000,147630,147360,100,0.869070349,0.364942897,0.766491551,1.016872013,0.757670085,1.022867903
30|30|256|1024|128|3|0.95|0.001|5500000|147630|147360|256|0.8009774261112405|0.48549428029423236|0.7710747941941074|0.8710466928044059|0.7674424913194444|0.876538754751285
